id,status
5455,0.12384791853901171
5456,0.7941820189068256
5457,0.5602454433792954
5458,0.9491372064232518
5459,0.0740621742297269
5460,0.7941820189068256
5461,0.12351962861384554
5462,0.06181334847201928
5463,0.9116355227615632
5464,0.0909813021586872
5465,0.23057191175773337
5466,0.17137617130325083
5467,0.12351962861384554
5468,0.6135510551392646
5469,0.9228315807439379
5470,0.9228315807439379
5471,0.29978474746073985
5472,0.8528213728492098
5473,0.14947311131217492
5474,0.0860326507354108
5475,0.7069013021330018
5476,0.14947311131217492
5477,0.03633465785369077
5478,0.8040302845642876
5479,0.9371581721732787
5480,0.7662911884642762
5481,0.0860326507354108
5482,0.22584345969383726
5483,0.9460922265456496
5484,0.06027460211463076
5485,0.7941820189068256
5486,0.658404263110087
5487,0.0740621742297269
5488,0.8524407883899555
5489,0.7941820189068256
5490,0.2667534311449937
5491,0.20107032000204697
5492,0.8524407883899555
5493,0.9371581721732787
5494,0.18026560990412038
5495,0.3128203339715751
5496,0.9371581721732787
5497,0.9078948966655562
5498,0.9078948966655562
5499,0.14947311131217492
5500,0.9078948966655562
5501,0.9228315807439379
5502,0.8931886278027881
5503,0.14947311131217492
5504,0.8944933171337199
5505,0.14947311131217492
5506,0.0860326507354108
5507,0.9116355227615632
5508,0.9371581721732787
5509,0.12351962861384554
5510,0.29978474746073985
5511,0.8524407883899555
5512,0.9078948966655562
5513,0.052432918879401436
5514,0.23057191175773337
5515,0.2965741235131657
5516,0.18026560990412038
5517,0.12351962861384554
5518,0.052432918879401436
5519,0.14947311131217492
5520,0.9567932001753031
5521,0.9371581721732787
5522,0.9371581721732787
5523,0.9078948966655562
5524,0.1694324324273347
5525,0.7941820189068256
5526,0.7941820189068256
5527,0.9371581721732787
5528,0.9116355227615632
5529,0.12351962861384554
5530,0.18026560990412038
5531,0.658404263110087
5532,0.9228315807439379
5533,0.9228315807439379
5534,0.9491372064232518
5535,0.29978474746073985
5536,0.29978474746073985
5537,0.7662911884642762
5538,0.20107032000204697
5539,0.14947311131217492
5540,0.2111076101605043
5541,0.9460922265456496
5542,0.9116355227615632
5543,0.7662911884642762
5544,0.9078948966655562
5545,0.9078948966655562
5546,0.9491372064232518
5547,0.916454921443029
5548,0.9371581721732787
5549,0.9228315807439379
5550,0.7662911884642762
5551,0.9228315807439379
5552,0.8040302845642876
5553,0.9371581721732787
5554,0.10407243541618967
5555,0.9371581721732787
5556,0.22584345969383726
5557,0.12351962861384554
5558,0.18026560990412038
5559,0.29978474746073985
5560,0.9460922265456496
5561,0.14947311131217492
5562,0.5602454433792954
5563,0.9491372064232518
5564,0.18026560990412038
5565,0.0860326507354108
5566,0.9116355227615632
5567,0.8944933171337199
5568,0.9078948966655562
5569,0.0909813021586872
5570,0.9078948966655562
5571,0.9247218973469871
5572,0.9078948966655562
5573,0.9460922265456496
5574,0.7662911884642762
5575,0.916454921443029
5576,0.9371581721732787
5577,0.9460922265456496
5578,0.0936352707848813
5579,0.9382272055562552
5580,0.17137617130325083
5581,0.9460922265456496
5582,0.9371581721732787
5583,0.8528213728492098
5584,0.052432918879401436
5585,0.9567932001753031
5586,0.12351962861384554
5587,0.04490776023655742
5588,0.12351962861384554
5589,0.0740621742297269
5590,0.17137617130325083
5591,0.7662911884642762
5592,0.18026560990412038
5593,0.14947311131217492
5594,0.04490776023655742
5595,0.7725170991595963
5596,0.8976090257529161
5597,0.9228315807439379
5598,0.916454921443029
5599,0.12351962861384554
5600,0.8944933171337199
5601,0.17137617130325083
5602,0.1463866225862348
5603,0.17137617130325083
5604,0.0740621742297269
5605,0.9078948966655562
5606,0.962738609080654
5607,0.8524407883899555
5608,0.13547029811070782
5609,0.14947311131217492
5610,0.08483391130606603
5611,0.9460922265456496
5612,0.9228315807439379
5613,0.052432918879401436
5614,0.19384921574045394
5615,0.0740621742297269
5616,0.08483391130606603
5617,0.29978474746073985
5618,0.8040302845642876
5619,0.9460922265456496
5620,0.9371581721732787
5621,0.9371581721732787
5622,0.6842674564909549
5623,0.9116355227615632
5624,0.22584345969383726
5625,0.5602454433792954
5626,0.04490776023655742
5627,0.8976090257529161
5628,0.9460922265456496
5629,0.17137617130325083
5630,0.9078948966655562
5631,0.9371581721732787
5632,0.04490776023655742
5633,0.12351962861384554
5634,0.0860326507354108
5635,0.2111076101605043
5636,0.04490776023655742
5637,0.14947311131217492
5638,0.2667534311449937
5639,0.694029406655011
5640,0.19384921574045394
5641,0.12351962861384554
5642,0.14947311131217492
5643,0.0740621742297269
5644,0.8976090257529161
5645,0.2965741235131657
5646,0.20128653057642104
5647,0.14947311131217492
5648,0.18026560990412038
5649,0.7941820189068256
5650,0.052432918879401436
5651,0.9460922265456496
5652,0.9078948966655562
5653,0.19384921574045394
5654,0.052432918879401436
5655,0.9247218973469871
5656,0.14947311131217492
5657,0.20128653057642104
5658,0.12351962861384554
5659,0.9371581721732787
5660,0.12351962861384554
5661,0.9116355227615632
5662,0.7662911884642762
5663,0.9371581721732787
5664,0.05021437003251329
5665,0.9460922265456496
5666,0.8524407883899555
5667,0.694029406655011
5668,0.17137617130325083
5669,0.14947311131217492
5670,0.9078948966655562
5671,0.928660578474889
5672,0.12351962861384554
5673,0.29978474746073985
5674,0.9371581721732787
5675,0.9371581721732787
5676,0.19384921574045394
5677,0.5602454433792954
5678,0.14977334454354946
5679,0.2667534311449937
5680,0.12351962861384554
5681,0.9371581721732787
5682,0.9371581721732787
5683,0.7244635591150871
5684,0.0860326507354108
5685,0.12351962861384554
5686,0.9228315807439379
5687,0.7941820189068256
5688,0.9491372064232518
5689,0.14947311131217492
5690,0.9078948966655562
5691,0.9567932001753031
5692,0.23057191175773337
5693,0.9078948966655562
5694,0.9078948966655562
5695,0.12351962861384554
5696,0.7662911884642762
5697,0.14977334454354946
5698,0.7662911884642762
5699,0.18026560990412038
5700,0.29978474746073985
5701,0.8528213728492098
5702,0.7941820189068256
5703,0.12384791853901171
5704,0.14947311131217492
5705,0.9460922265456496
5706,0.17617904681301816
5707,0.9116355227615632
5708,0.0860326507354108
5709,0.04490776023655742
5710,0.9078948966655562
5711,0.8524407883899555
5712,0.8931886278027881
5713,0.9491372064232518
5714,0.052432918879401436
5715,0.0860326507354108
5716,0.17137617130325083
5717,0.9460922265456496
5718,0.9078948966655562
5719,0.7941820189068256
5720,0.9491372064232518
5721,0.19384921574045394
5722,0.9078948966655562
5723,0.2573185502540178
5724,0.12351962861384554
5725,0.0860326507354108
5726,0.17137617130325083
5727,0.17137617130325083
5728,0.9371581721732787
5729,0.8528213728492098
5730,0.17137617130325083
5731,0.14947311131217492
5732,0.14947311131217492
5733,0.20107032000204697
5734,0.04490776023655742
5735,0.14947311131217492
5736,0.0740621742297269
5737,0.12351962861384554
5738,0.5602454433792954
5739,0.8976090257529161
5740,0.20695455621057562
5741,0.9491372064232518
5742,0.12351962861384554
5743,0.9371581721732787
5744,0.9491372064232518
5745,0.9116355227615632
5746,0.0860326507354108
5747,0.8976090257529161
5748,0.14947311131217492
5749,0.9460922265456496
5750,0.0740621742297269
5751,0.07532681111669305
5752,0.0860326507354108
5753,0.658404263110087
5754,0.29978474746073985
5755,0.13621197859848208
5756,0.0860326507354108
5757,0.9300551905645728
5758,0.17137617130325083
5759,0.29978474746073985
5760,0.9078948966655562
5761,0.12351962861384554
5762,0.5602454433792954
5763,0.8781095795230165
5764,0.694029406655011
5765,0.9567932001753031
5766,0.9460922265456496
5767,0.9371581721732787
5768,0.5602454433792954
5769,0.14947311131217492
5770,0.0740621742297269
5771,0.8976090257529161
5772,0.7244635591150871
5773,0.8528213728492098
5774,0.0860326507354108
5775,0.7244635591150871
5776,0.14947311131217492
5777,0.9228315807439379
5778,0.6071663149235172
5779,0.7695521643530474
5780,0.9078948966655562
5781,0.17137617130325083
5782,0.2667534311449937
5783,0.9078948966655562
5784,0.350737491431951
5785,0.14947311131217492
5786,0.9567932001753031
5787,0.7695521643530474
5788,0.14947311131217492
5789,0.9078948966655562
5790,0.7941820189068256
5791,0.2111076101605043
5792,0.9371581721732787
5793,0.9078948966655562
5794,0.8524407883899555
5795,0.17137617130325083
5796,0.03633465785369077
5797,0.658404263110087
5798,0.14947311131217492
5799,0.8944933171337199
5800,0.29978474746073985
5801,0.5602454433792954
5802,0.9228315807439379
5803,0.8524407883899555
5804,0.05556639371067786
5805,0.9228315807439379
5806,0.5602454433792954
5807,0.14977334454354946
5808,0.9382272055562552
5809,0.0860326507354108
5810,0.0860326507354108
5811,0.10616336450888478
5812,0.7941820189068256
5813,0.19384921574045394
5814,0.3128203339715751
5815,0.19384921574045394
5816,0.9078948966655562
5817,0.6842674564909549
5818,0.7941820189068256
5819,0.17137617130325083
5820,0.694029406655011
5821,0.9078948966655562
5822,0.12351962861384554
5823,0.658404263110087
5824,0.18026560990412038
5825,0.9491372064232518
5826,0.8040302845642876
5827,0.0740621742297269
5828,0.0740621742297269
5829,0.14947311131217492
5830,0.2667534311449937
5831,0.7244635591150871
5832,0.12351962861384554
5833,0.9460922265456496
5834,0.7941820189068256
5835,0.2667534311449937
5836,0.12351962861384554
5837,0.14947311131217492
5838,0.03633465785369077
5839,0.9078948966655562
5840,0.2573185502540178
5841,0.29978474746073985
5842,0.0860326507354108
5843,0.14947311131217492
5844,0.8976090257529161
5845,0.9116355227615632
5846,0.18026560990412038
5847,0.052432918879401436
5848,0.6071663149235172
5849,0.12351962861384554
5850,0.17137617130325083
5851,0.29978474746073985
5852,0.9460922265456496
5853,0.9460922265456496
5854,0.04490776023655742
5855,0.17137617130325083
5856,0.29978474746073985
5857,0.916454921443029
5858,0.12351962861384554
5859,0.7662911884642762
5860,0.9371581721732787
5861,0.9078948966655562
5862,0.12351962861384554
5863,0.9460922265456496
5864,0.0740621742297269
5865,0.9078948966655562
5866,0.14947311131217492
5867,0.8944933171337199
5868,0.7069013021330018
5869,0.694029406655011
5870,0.9371581721732787
5871,0.9078948966655562
5872,0.7244635591150871
5873,0.14947311131217492
5874,0.14947311131217492
5875,0.9078948966655562
5876,0.0909813021586872
5877,0.9078948966655562
5878,0.12351962861384554
5879,0.9116355227615632
5880,0.0740621742297269
5881,0.12351962861384554
5882,0.2667534311449937
5883,0.17137617130325083
5884,0.6071663149235172
5885,0.9382272055562552
5886,0.07650499332661422
5887,0.0740621742297269
5888,0.9078948966655562
5889,0.0740621742297269
5890,0.9078948966655562
5891,0.0740621742297269
5892,0.7941820189068256
5893,0.7662911884642762
5894,0.18026560990412038
5895,0.11447298071257368
5896,0.9078948966655562
5897,0.9078948966655562
5898,0.7941820189068256
5899,0.9343202461076465
5900,0.9078948966655562
5901,0.12351962861384554
5902,0.8944933171337199
5903,0.17137617130325083
5904,0.5602454433792954
5905,0.9116355227615632
5906,0.20107032000204697
5907,0.9371581721732787
5908,0.19384921574045394
5909,0.9116355227615632
5910,0.19384921574045394
5911,0.9078948966655562
5912,0.14947311131217492
5913,0.9460922265456496
5914,0.8557859359044672
5915,0.658404263110087
5916,0.7662911884642762
5917,0.9078948966655562
5918,0.17137617130325083
5919,0.916454921443029
5920,0.9371581721732787
5921,0.13547029811070782
5922,0.9078948966655562
5923,0.17137617130325083
5924,0.14947311131217492
5925,0.04490776023655742
5926,0.9371581721732787
5927,0.18026560990412038
5928,0.0860326507354108
5929,0.17617904681301816
5930,0.8931886278027881
5931,0.9078948966655562
5932,0.9116355227615632
5933,0.694029406655011
5934,0.7662911884642762
5935,0.1463866225862348
5936,0.8931886278027881
5937,0.04490776023655742
5938,0.17137617130325083
5939,0.12351962861384554
5940,0.04490776023655742
5941,0.9460922265456496
5942,0.9460922265456496
5943,0.14947311131217492
5944,0.12645568475194371
5945,0.9460922265456496
5946,0.7662911884642762
5947,0.19384921574045394
5948,0.9371581721732787
5949,0.9460922265456496
5950,0.7662911884642762
5951,0.05556639371067786
5952,0.2111076101605043
5953,0.06027460211463076
5954,0.19384921574045394
5955,0.14947311131217492
5956,0.7069013021330018
5957,0.2703476714462324
5958,0.12351962861384554
5959,0.20128653057642104
5960,0.658404263110087
5961,0.7941820189068256
5962,0.12384791853901171
5963,0.9567932001753031
5964,0.2667534311449937
5965,0.5602454433792954
5966,0.20107032000204697
5967,0.9078948966655562
5968,0.9078948966655562
5969,0.9371581721732787
5970,0.7941820189068256
5971,0.2111076101605043
5972,0.8976090257529161
5973,0.7662911884642762
5974,0.23057191175773337
5975,0.0909813021586872
5976,0.9078948966655562
5977,0.9371581721732787
5978,0.06027460211463076
5979,0.4176640354610073
5980,0.0860326507354108
5981,0.12351962861384554
5982,0.9078948966655562
5983,0.14947311131217492
5984,0.9371581721732787
5985,0.2965741235131657
5986,0.916454921443029
5987,0.9116355227615632
5988,0.14977334454354946
5989,0.14947311131217492
5990,0.22584345969383726
5991,0.9371581721732787
5992,0.2111076101605043
5993,0.9078948966655562
5994,0.3128203339715751
5995,0.7941820189068256
5996,0.8944933171337199
5997,0.9078948966655562
5998,0.9371581721732787
5999,0.19384921574045394
6000,0.9078948966655562
6001,0.18026560990412038
6002,0.13621197859848208
6003,0.9078948966655562
6004,0.9371581721732787
6005,0.06027460211463076
6006,0.916454921443029
6007,0.17137617130325083
6008,0.9460922265456496
6009,0.7069013021330018
6010,0.12351962861384554
6011,0.962738609080654
6012,0.0740621742297269
6013,0.9001452447964411
6014,0.0860326507354108
6015,0.9078948966655562
6016,0.0860326507354108
6017,0.8944933171337199
6018,0.9460922265456496
6019,0.8931886278027881
6020,0.19384921574045394
6021,0.9228315807439379
6022,0.9078948966655562
6023,0.6842674564909549
6024,0.7941820189068256
6025,0.9078948966655562
6026,0.14947311131217492
6027,0.8976090257529161
6028,0.17137617130325083
6029,0.2667534311449937
6030,0.0740621742297269
6031,0.7941820189068256
6032,0.2667534311449937
6033,0.8524407883899555
6034,0.29978474746073985
6035,0.12351962861384554
6036,0.14947311131217492
6037,0.0860326507354108
6038,0.0860326507354108
6039,0.14947311131217492
6040,0.0740621742297269
6041,0.9371581721732787
6042,0.8524407883899555
6043,0.658404263110087
6044,0.9228315807439379
6045,0.12351962861384554
6046,0.12645568475194371
6047,0.8586133596098501
6048,0.14947311131217492
6049,0.9116355227615632
6050,0.9078948966655562
6051,0.658404263110087
6052,0.12351962861384554
6053,0.14947311131217492
6054,0.8524407883899555
6055,0.9371581721732787
6056,0.14947311131217492
6057,0.18026560990412038
6058,0.8524407883899555
6059,0.9228315807439379
6060,0.14947311131217492
6061,0.05556639371067786
6062,0.916454921443029
6063,0.7941820189068256
6064,0.7662911884642762
6065,0.9078948966655562
6066,0.658404263110087
6067,0.3128203339715751
6068,0.23057191175773337
6069,0.8557859359044672
6070,0.14947311131217492
6071,0.2111076101605043
6072,0.9371581721732787
6073,0.9453043690372777
6074,0.18026560990412038
6075,0.8524407883899555
6076,0.7662911884642762
6077,0.916454921443029
6078,0.17137617130325083
6079,0.12351962861384554
6080,0.2667534311449937
6081,0.14947311131217492
6082,0.2111076101605043
6083,0.29978474746073985
6084,0.9078948966655562
6085,0.17137617130325083
6086,0.658404263110087
6087,0.14947311131217492
6088,0.7244635591150871
6089,0.9078948966655562
6090,0.9371581721732787
6091,0.7941820189068256
6092,0.0740621742297269
6093,0.9460922265456496
6094,0.0860326507354108
6095,0.9078948966655562
6096,0.17137617130325083
6097,0.14947311131217492
6098,0.7662911884642762
6099,0.17137617130325083
6100,0.658404263110087
6101,0.12351962861384554
6102,0.17617904681301816
6103,0.07650499332661422
6104,0.9078948966655562
6105,0.22584345969383726
6106,0.18026560990412038
6107,0.8976090257529161
6108,0.04490776023655742
6109,0.7941820189068256
6110,0.2667534311449937
6111,0.0909813021586872
6112,0.0740621742297269
6113,0.916454921443029
6114,0.7662911884642762
6115,0.17617904681301816
6116,0.2667534311449937
6117,0.0740621742297269
6118,0.18026560990412038
6119,0.06027460211463076
6120,0.8976090257529161
6121,0.7941820189068256
6122,0.0740621742297269
6123,0.9371581721732787
6124,0.9078948966655562
6125,0.9371581721732787
6126,0.14947311131217492
6127,0.9671060140211418
6128,0.0740621742297269
6129,0.9078948966655562
6130,0.12351962861384554
6131,0.8976090257529161
6132,0.19384921574045394
6133,0.14977334454354946
6134,0.7244635591150871
6135,0.9371581721732787
6136,0.7662911884642762
6137,0.9460922265456496
6138,0.7069013021330018
6139,0.5602454433792954
6140,0.08483391130606603
6141,0.8524407883899555
6142,0.20107032000204697
6143,0.8754642289365151
6144,0.9382272055562552
6145,0.9078948966655562
6146,0.2667534311449937
6147,0.17137617130325083
6148,0.0860326507354108
6149,0.22584345969383726
6150,0.7941820189068256
6151,0.14947311131217492
6152,0.17137617130325083
6153,0.9460922265456496
6154,0.12351962861384554
6155,0.17137617130325083
6156,0.8524407883899555
6157,0.17137617130325083
6158,0.9371581721732787
6159,0.8528213728492098
6160,0.9460922265456496
6161,0.18026560990412038
6162,0.14947311131217492
6163,0.9078948966655562
6164,0.9371581721732787
6165,0.9078948966655562
6166,0.12351962861384554
6167,0.8944933171337199
6168,0.9371581721732787
6169,0.4176640354610073
6170,0.350737491431951
6171,0.7069013021330018
6172,0.8783619155477047
6173,0.14947311131217492
6174,0.14947311131217492
6175,0.9491372064232518
6176,0.2111076101605043
6177,0.17137617130325083
6178,0.12351962861384554
6179,0.9117438416543033
6180,0.7662911884642762
6181,0.9078948966655562
6182,0.9078948966655562
6183,0.9078948966655562
6184,0.9371581721732787
6185,0.9460922265456496
6186,0.916454921443029
6187,0.9078948966655562
6188,0.7941820189068256
6189,0.916454921443029
6190,0.17617904681301816
6191,0.13756146421897197
6192,0.9491372064232518
6193,0.14947311131217492
6194,0.04490776023655742
6195,0.9460922265456496
6196,0.2667534311449937
6197,0.14947311131217492
6198,0.14947311131217492
6199,0.29978474746073985
6200,0.12351962861384554
6201,0.19384921574045394
6202,0.694029406655011
6203,0.0740621742297269
6204,0.14947311131217492
6205,0.8944933171337199
6206,0.9460922265456496
6207,0.658404263110087
6208,0.9567932001753031
6209,0.18026560990412038
6210,0.9460922265456496
6211,0.12351962861384554
6212,0.18026560990412038
6213,0.0740621742297269
6214,0.14947311131217492
6215,0.2667534311449937
6216,0.20107032000204697
6217,0.8944933171337199
6218,0.17137617130325083
6219,0.0860326507354108
6220,0.0860326507354108
6221,0.18026560990412038
6222,0.0909813021586872
6223,0.658404263110087
6224,0.2667534311449937
6225,0.7941820189068256
6226,0.7662911884642762
6227,0.17137617130325083
6228,0.9078948966655562
6229,0.9078948966655562
6230,0.19384921574045394
6231,0.14947311131217492
6232,0.8524407883899555
6233,0.3128203339715751
6234,0.17137617130325083
6235,0.12351962861384554
6236,0.5602454433792954
6237,0.13756146421897197
6238,0.052432918879401436
6239,0.14947311131217492
6240,0.18026560990412038
6241,0.14947311131217492
6242,0.8528213728492098
6243,0.9460922265456496
6244,0.0740621742297269
6245,0.14947311131217492
6246,0.8781095795230165
6247,0.04490776023655742
6248,0.9567932001753031
6249,0.9078948966655562
6250,0.0740621742297269
6251,0.9078948966655562
6252,0.0860326507354108
6253,0.8976090257529161
6254,0.9460922265456496
6255,0.2667534311449937
6256,0.916454921443029
6257,0.0740621742297269
6258,0.14947311131217492
6259,0.7662911884642762
6260,0.12351962861384554
6261,0.14947311131217492
6262,0.2667534311449937
6263,0.14947311131217492
6264,0.17617904681301816
6265,0.9371581721732787
6266,0.0860326507354108
6267,0.9078948966655562
6268,0.2111076101605043
6269,0.0740621742297269
6270,0.17137617130325083
6271,0.2667534311449937
6272,0.9491372064232518
6273,0.8944933171337199
6274,0.7662911884642762
6275,0.9371581721732787
6276,0.14947311131217492
6277,0.9078948966655562
6278,0.0740621742297269
6279,0.8976090257529161
6280,0.2111076101605043
6281,0.9460922265456496
6282,0.8976090257529161
6283,0.7662911884642762
6284,0.8528213728492098
6285,0.18026560990412038
6286,0.12351962861384554
6287,0.9453043690372777
6288,0.9491372064232518
6289,0.9078948966655562
6290,0.9116355227615632
6291,0.7941820189068256
6292,0.658404263110087
6293,0.14947311131217492
6294,0.7941820189068256
6295,0.12351962861384554
6296,0.0860326507354108
6297,0.14947311131217492
6298,0.0909813021586872
6299,0.9228315807439379
6300,0.04490776023655742
6301,0.14947311131217492
6302,0.9460922265456496
6303,0.0909813021586872
6304,0.7916629025568496
6305,0.20107032000204697
6306,0.9228315807439379
6307,0.04490776023655742
6308,0.8976090257529161
6309,0.0909813021586872
6310,0.04490776023655742
6311,0.9371581721732787
6312,0.2667534311449937
6313,0.0860326507354108
6314,0.29978474746073985
6315,0.2667534311449937
6316,0.14947311131217492
6317,0.9078948966655562
6318,0.22584345969383726
6319,0.4176640354610073
6320,0.12645568475194371
6321,0.0860326507354108
6322,0.7941820189068256
6323,0.0860326507354108
6324,0.14947311131217492
6325,0.694029406655011
6326,0.694029406655011
6327,0.14947311131217492
6328,0.9078948966655562
6329,0.17137617130325083
6330,0.9078948966655562
6331,0.03633465785369077
6332,0.8931886278027881
6333,0.29978474746073985
6334,0.8976090257529161
6335,0.9228315807439379
6336,0.12351962861384554
6337,0.8754642289365151
6338,0.2667534311449937
6339,0.12351962861384554
6340,0.19384921574045394
6341,0.17137617130325083
6342,0.9371581721732787
6343,0.14947311131217492
6344,0.9371581721732787
6345,0.12645568475194371
6346,0.8528213728492098
6347,0.2667534311449937
6348,0.18026560990412038
6349,0.14947311131217492
6350,0.7662911884642762
6351,0.7772005466784933
6352,0.7662911884642762
6353,0.12351962861384554
6354,0.9078948966655562
6355,0.17137617130325083
6356,0.9078948966655562
6357,0.20695455621057562
6358,0.0860326507354108
6359,0.0860326507354108
6360,0.9371581721732787
6361,0.13621197859848208
6362,0.9460922265456496
6363,0.9001452447964411
6364,0.12351962861384554
6365,0.12351962861384554
6366,0.10407243541618967
6367,0.3128203339715751
6368,0.052432918879401436
6369,0.5602454433792954
6370,0.9228315807439379
6371,0.7662911884642762
6372,0.9228315807439379
6373,0.06027460211463076
6374,0.06027460211463076
6375,0.3128203339715751
6376,0.9228315807439379
6377,0.14947311131217492
6378,0.04490776023655742
6379,0.19384921574045394
6380,0.2667534311449937
6381,0.7662911884642762
6382,0.29978474746073985
6383,0.8931886278027881
6384,0.9078948966655562
6385,0.18026560990412038
6386,0.07532681111669305
6387,0.7662911884642762
6388,0.10616336450888478
6389,0.5602454433792954
6390,0.7662911884642762
6391,0.9460922265456496
6392,0.17137617130325083
6393,0.12351962861384554
6394,0.8754642289365151
6395,0.7662911884642762
6396,0.19384921574045394
6397,0.9078948966655562
6398,0.12351962861384554
6399,0.8781095795230165
6400,0.8976090257529161
6401,0.29978474746073985
6402,0.9078948966655562
6403,0.18026560990412038
6404,0.12171284175219335
6405,0.9460922265456496
6406,0.17137617130325083
6407,0.8976090257529161
6408,0.7941820189068256
6409,0.14947311131217492
6410,0.14947311131217492
6411,0.12351962861384554
6412,0.9116355227615632
6413,0.9371581721732787
6414,0.7662911884642762
6415,0.14947311131217492
6416,0.9228315807439379
6417,0.18026560990412038
6418,0.8944933171337199
6419,0.17137617130325083
6420,0.5602454433792954
6421,0.5602454433792954
6422,0.0740621742297269
6423,0.13756146421897197
6424,0.9371581721732787
6425,0.7244635591150871
6426,0.9460922265456496
6427,0.17137617130325083
6428,0.14947311131217492
6429,0.7662911884642762
6430,0.9078948966655562
6431,0.18026560990412038
6432,0.2667534311449937
6433,0.05556639371067786
6434,0.9078948966655562
6435,0.7725170991595963
6436,0.14947311131217492
6437,0.06027460211463076
6438,0.04490776023655742
6439,0.14947311131217492
6440,0.9371581721732787
6441,0.0740621742297269
6442,0.9078948966655562
6443,0.06027460211463076
6444,0.6842674564909549
6445,0.14947311131217492
6446,0.14947311131217492
6447,0.9228315807439379
6448,0.0860326507354108
6449,0.8944933171337199
6450,0.0740621742297269
6451,0.17617904681301816
6452,0.17617904681301816
6453,0.14947311131217492
6454,0.12351962861384554
6455,0.7662911884642762
6456,0.7941820189068256
6457,0.0740621742297269
6458,0.9078948966655562
6459,0.9116355227615632
6460,0.9078948966655562
6461,0.8524407883899555
6462,0.9078948966655562
6463,0.17137617130325083
6464,0.9371581721732787
6465,0.04490776023655742
6466,0.9078948966655562
6467,0.14947311131217492
6468,0.14947311131217492
6469,0.06027460211463076
6470,0.9078948966655562
6471,0.7662911884642762
6472,0.3128203339715751
6473,0.20107032000204697
6474,0.13621197859848208
6475,0.14947311131217492
6476,0.0860326507354108
6477,0.0860326507354108
6478,0.19384921574045394
6479,0.12351962861384554
6480,0.14947311131217492
6481,0.13561942248873815
6482,0.17137617130325083
6483,0.9078948966655562
6484,0.22584345969383726
6485,0.9491372064232518
6486,0.29978474746073985
6487,0.9078948966655562
6488,0.0860326507354108
6489,0.8976090257529161
6490,0.052432918879401436
6491,0.14947311131217492
6492,0.14947311131217492
6493,0.8040302845642876
6494,0.0909813021586872
6495,0.17137617130325083
6496,0.20128653057642104
6497,0.9078948966655562
6498,0.7941820189068256
6499,0.9371581721732787
6500,0.0860326507354108
6501,0.0740621742297269
6502,0.916454921443029
6503,0.2667534311449937
6504,0.2703476714462324
6505,0.8976090257529161
6506,0.22584345969383726
6507,0.14977334454354946
6508,0.9078948966655562
6509,0.8528213728492098
6510,0.9228315807439379
6511,0.9491372064232518
6512,0.9491372064232518
6513,0.2667534311449937
6514,0.8976090257529161
6515,0.9371581721732787
6516,0.9078948966655562
6517,0.17137617130325083
6518,0.12351962861384554
6519,0.9078948966655562
6520,0.916454921443029
6521,0.8524407883899555
6522,0.03633465785369077
6523,0.9228315807439379
6524,0.9567932001753031
6525,0.052432918879401436
6526,0.658404263110087
6527,0.9078948966655562
6528,0.17137617130325083
6529,0.9078948966655562
6530,0.2667534311449937
6531,0.916454921443029
6532,0.2667534311449937
6533,0.8754642289365151
6534,0.8528213728492098
6535,0.29978474746073985
6536,0.9371581721732787
6537,0.9371581721732787
6538,0.9078948966655562
6539,0.5602454433792954
6540,0.8883485762862162
6541,0.0740621742297269
6542,0.8040302845642876
6543,0.7941820189068256
6544,0.658404263110087
6545,0.7941820189068256
6546,0.19384921574045394
6547,0.2667534311449937
6548,0.12351962861384554
6549,0.2667534311449937
6550,0.9228315807439379
6551,0.14947311131217492
6552,0.18026560990412038
6553,0.9078948966655562
6554,0.14947311131217492
6555,0.9460922265456496
6556,0.18026560990412038
6557,0.0740621742297269
6558,0.12351962861384554
6559,0.12351962861384554
6560,0.17137617130325083
6561,0.928660578474889
6562,0.29978474746073985
6563,0.17137617130325083
6564,0.9460922265456496
6565,0.5602454433792954
6566,0.0909813021586872
6567,0.12351962861384554
6568,0.17137617130325083
6569,0.12351962861384554
6570,0.916454921443029
6571,0.8944933171337199
6572,0.14947311131217492
6573,0.9078948966655562
6574,0.052432918879401436
6575,0.9078948966655562
6576,0.14947311131217492
6577,0.17137617130325083
6578,0.9078948966655562
6579,0.9371581721732787
6580,0.7941820189068256
6581,0.9460922265456496
6582,0.9078948966655562
6583,0.14947311131217492
6584,0.06027460211463076
6585,0.9460922265456496
6586,0.8524407883899555
6587,0.12351962861384554
6588,0.17137617130325083
6589,0.9371581721732787
6590,0.14947311131217492
6591,0.04490776023655742
6592,0.14947311131217492
6593,0.7941820189068256
6594,0.12351962861384554
6595,0.17137617130325083
6596,0.0740621742297269
6597,0.18026560990412038
6598,0.9371581721732787
6599,0.12351962861384554
6600,0.0860326507354108
6601,0.05556639371067786
6602,0.7662911884642762
6603,0.9567932001753031
6604,0.9371581721732787
6605,0.14947311131217492
6606,0.9491372064232518
6607,0.17137617130325083
6608,0.0860326507354108
6609,0.9371581721732787
6610,0.9371581721732787
6611,0.17137617130325083
6612,0.9228315807439379
6613,0.8040302845642876
6614,0.9228315807439379
6615,0.9371581721732787
6616,0.13621197859848208
6617,0.9371581721732787
6618,0.866026489167922
6619,0.0860326507354108
6620,0.2667534311449937
6621,0.9453043690372777
6622,0.14947311131217492
6623,0.14947311131217492
6624,0.7941820189068256
6625,0.12351962861384554
6626,0.22584345969383726
6627,0.9078948966655562
6628,0.8528213728492098
6629,0.7662911884642762
6630,0.9078948966655562
6631,0.9567932001753031
6632,0.12351962861384554
6633,0.9078948966655562
6634,0.3128203339715751
6635,0.12351962861384554
6636,0.0860326507354108
6637,0.7662911884642762
6638,0.0936352707848813
6639,0.14947311131217492
6640,0.29978474746073985
6641,0.7410723073153462
6642,0.9078948966655562
6643,0.20107032000204697
6644,0.658404263110087
6645,0.9078948966655562
6646,0.1463866225862348
6647,0.17137617130325083
6648,0.22584345969383726
6649,0.17137617130325083
6650,0.9371581721732787
6651,0.694029406655011
6652,0.06027460211463076
6653,0.2667534311449937
6654,0.14947311131217492
6655,0.694029406655011
6656,0.0909813021586872
6657,0.12351962861384554
6658,0.12351962861384554
6659,0.17137617130325083
6660,0.12351962861384554
6661,0.9078948966655562
6662,0.12902939251037931
6663,0.7941820189068256
6664,0.9078948966655562
6665,0.916454921443029
6666,0.658404263110087
6667,0.12351962861384554
6668,0.9078948966655562
6669,0.9116355227615632
6670,0.8944933171337199
6671,0.17137617130325083
6672,0.06027460211463076
6673,0.9078948966655562
6674,0.12351962861384554
6675,0.17137617130325083
6676,0.14947311131217492
6677,0.6842674564909549
6678,0.8524407883899555
6679,0.9371581721732787
6680,0.8754642289365151
6681,0.9460922265456496
6682,0.0860326507354108
6683,0.22584345969383726
6684,0.17137617130325083
6685,0.17137617130325083
6686,0.9460922265456496
6687,0.17137617130325083
6688,0.20107032000204697
6689,0.5602454433792954
6690,0.12351962861384554
6691,0.18026560990412038
6692,0.17137617130325083
6693,0.7941820189068256
6694,0.17137617130325083
6695,0.18026560990412038
6696,0.694029406655011
6697,0.12351962861384554
6698,0.14947311131217492
6699,0.5602454433792954
6700,0.14947311131217492
6701,0.9078948966655562
6702,0.9460922265456496
6703,0.9371581721732787
6704,0.8931886278027881
6705,0.14947311131217492
6706,0.12351962861384554
6707,0.9491372064232518
6708,0.9371581721732787
6709,0.9460922265456496
6710,0.17137617130325083
6711,0.04490776023655742
6712,0.9116355227615632
6713,0.0740621742297269
6714,0.5602454433792954
6715,0.7662911884642762
6716,0.8976090257529161
6717,0.9371581721732787
6718,0.3128203339715751
6719,0.9078948966655562
6720,0.12351962861384554
6721,0.7941820189068256
6722,0.29978474746073985
6723,0.0740621742297269
6724,0.658404263110087
6725,0.12351962861384554
6726,0.03633465785369077
6727,0.18026560990412038
6728,0.12351962861384554
6729,0.7244635591150871
6730,0.06027460211463076
6731,0.23057191175773337
6732,0.9078948966655562
6733,0.10407243541618967
6734,0.9078948966655562
6735,0.0860326507354108
6736,0.9116355227615632
6737,0.916454921443029
6738,0.0860326507354108
6739,0.8754642289365151
6740,0.04490776023655742
6741,0.22584345969383726
6742,0.7662911884642762
6743,0.9371581721732787
6744,0.14947311131217492
6745,0.9078948966655562
6746,0.2667534311449937
6747,0.9078948966655562
6748,0.9078948966655562
6749,0.12351962861384554
6750,0.17137617130325083
6751,0.38661481679490933
6752,0.9078948966655562
6753,0.9247218973469871
6754,0.8754642289365151
6755,0.0860326507354108
6756,0.7069013021330018
6757,0.9078948966655562
6758,0.17137617130325083
6759,0.14977334454354946
6760,0.0860326507354108
6761,0.04490776023655742
6762,0.17137617130325083
6763,0.8754642289365151
6764,0.658404263110087
6765,0.20107032000204697
6766,0.9371581721732787
6767,0.9116355227615632
6768,0.916454921443029
6769,0.04490776023655742
6770,0.9078948966655562
6771,0.9078948966655562
6772,0.1463866225862348
6773,0.0860326507354108
6774,0.0860326507354108
6775,0.9371581721732787
6776,0.0740621742297269
6777,0.9371581721732787
6778,0.14947311131217492
6779,0.2703476714462324
6780,0.17137617130325083
6781,0.8524407883899555
6782,0.9078948966655562
6783,0.8524407883899555
6784,0.8524407883899555
6785,0.9078948966655562
6786,0.14947311131217492
6787,0.14947311131217492
6788,0.8754642289365151
6789,0.20695455621057562
6790,0.9371581721732787
6791,0.694029406655011
6792,0.8754642289365151
6793,0.2965741235131657
6794,0.7297902921233992
6795,0.8976090257529161
6796,0.8976090257529161
6797,0.5602454433792954
6798,0.9078948966655562
6799,0.12351962861384554
6800,0.18026560990412038
6801,0.12351962861384554
6802,0.17617904681301816
6803,0.2965741235131657
6804,0.9460922265456496
6805,0.0860326507354108
6806,0.7941820189068256
6807,0.2667534311449937
6808,0.12351962861384554
6809,0.14947311131217492
6810,0.17137617130325083
6811,0.14947311131217492
6812,0.9116355227615632
6813,0.12351962861384554
6814,0.9491372064232518
6815,0.14947311131217492
6816,0.2667534311449937
6817,0.9371581721732787
6818,0.5602454433792954
